,Dtype,sample_data_1,sample_data_2,sample_data_3,sample_data_4,sample_data_5,max,min,mean,std,median,top_corr_1,top_corr_2,top_corr_3,top_corr_4,top_corr_5,missing_values_count,missing_values_percentage,Correlation with price_doc,Importance_level,Comment
trc_sqm_2000,int64,81104,616151,438626,30117,142090,1553370,0,291597.04485269776,294834.78038135346,196000,trc_sqm_1500,trc_sqm_3000,trc_count_2000,trc_count_3000,trc_count_1500,0,0,0.14433798147846,Drop,N/a
price_doc,int64,7100000,11700000,10400000,6200000,5950000,95122496,500000,8750423.4448858,6277289.991248884,7400000,num_room,full_sq,sport_count_5000,sport_count_3000,trc_count_5000,0,0,1,Average,N/a
prom_part_500,float64,0,0,63.03,22.97,0,97.47,0,5.914523336643496,12.602802784291017,0,prom_part_1000,prom_part_1500,prom_part_2000,prom_part_3000,indust_part,0,0,-0.009009216979978986,Drop,N/a
build_count_1971-1995,float64,102,39,99,98,55,210,8,77.53558424362794,46.178881888722366,67,work_male,work_all,raion_popul,work_female,ekder_female,4991,0.16379508385021824,-0.009734048827594625,Drop,N/a
school_quota,float64,7653,4975,11085,7788,4169,16049,2022,7155.720787818603,2730.3053649469584,6766,preschool_quota,0_6_male,0_13_male,young_male,preschool_education_centers_raion,6685,0.21938892717665978,-0.014011784963067297,Average,N/a
build_count_panel,float64,124,30,200,97,50,320,5,100.23353194306522,69.4791789886223,85,work_female,work_all,work_male,raion_popul,preschool_quota,4991,0.16379508385021824,-0.020059123875165247,Average,N/a
mkad_km,float64,1.704869758,11.24699272,8.026104955,7.57422349,6.697563407,19.60851243,0.203813402,6.053921090144654,3.851618382694003,5.5646540135,power_transmission_line_km,ts_km,radiation_km,metro_km_walk,metro_min_walk,0,0,-0.020647730369484002,Average,N/a
ID_railroad_station_walk,float64,47,83,81,50,18,132,1,37.6454816285998,26.38414164325531,33,ID_railroad_station_avto,catering_km,swim_pool_km,office_km,shopping_centers_km,25,0.000820452233270979,-0.021834809605251693,Drop,N/a
build_count_slag,float64,0,1,1,0,0,41,0,1.8475670307845085,3.527333363144358,0,build_count_wood,build_count_1921-1945,build_count_after_1995,raion_build_count_with_material_info,raion_build_count_with_builddate_info,4991,0.16379508385021824,-0.024027024165163995,Average,N/a
cemetery_km,float64,0.840193,1.930209,2.521917,1.944582,0.394453,5.935573000000001,0,2.338047706388613,1.3301007758579477,2.1725879999999997,kindergarten_km,public_transport_station_min_walk,public_transport_station_km,power_transmission_line_km,mkad_km,0,0,-0.024943983501172485,Average,N/a
water_km,float64,0.165137402,2.609978256,0.363171451,0.351541691,0.273357535,2.659110219,0.01125854,0.7099443048257199,0.4164280242521541,0.6398623585000001,prom_part_1500,prom_part_2000,prom_part_1000,ID_metro,indust_part,0,0,-0.026641146552873293,Average,N/a
build_count_frame,float64,0,0,61,0,0,97,0,3.888282025819265,14.189331486006292,0,build_count_mix,build_count_wood,build_count_1921-1945,raion_build_count_with_builddate_info,raion_build_count_with_material_info,4991,0.16379508385021824,-0.030284749710513887,Average,N/a
build_count_mix,float64,0,0,0,0,0,8,0,0.3493876199933797,1.0138457740045925,0,build_count_wood,build_count_1921-1945,build_count_slag,raion_build_count_with_builddate_info,raion_build_count_with_material_info,4991,0.16379508385021824,-0.03300477375711019,Average,N/a
build_count_wood,float64,0,2,99,2,0,774,0,18.64498510427011,59.0924401779605,0,build_count_slag,build_count_1921-1945,build_count_mix,raion_build_count_with_builddate_info,raion_build_count_with_material_info,4991,0.16379508385021824,-0.04248559298916278,Average,N/a
big_market_km,float64,11.12182278,20.52704248,20.93413505,14.88515914,20.94989797,42.94235678,0.66136622,12.047596166595165,6.4072462227344396,11.23322135,mosque_km,radiation_km,oil_chemistry_km,power_transmission_line_km,metro_km_walk,0,0,-0.048294823031767395,Drop,N/a
prom_part_2000,float64,0.74,17.48,34.21,2.92,10.14,48.4,0,12.008119827871566,10.083699440767127,9.96,prom_part_1500,prom_part_3000,prom_part_1000,indust_part,prom_part_5000,0,0,-0.05015068065992642,Drop,N/a
ID_bus_terminal,int64,9,5,5,5,10,14,1,6.17593512082092,3.830500378700913,5,ID_metro,office_km,ID_railroad_station_walk,ID_railroad_station_avto,workplaces_km,0,0,-0.050832855582151094,Drop,N/a
ID_railroad_station_avto,int64,47,71,81,92,18,138,1,43.6641840450182,32.9279299833611,35,ID_railroad_station_walk,swim_pool_km,shopping_centers_km,area_m,office_km,0,0,-0.051294415266215185,Drop,N/a
green_part_500,float64,7.49,17.62,0,0,12.15,82.43,0,8.935489904005296,9.99293769987143,5.87,green_part_1000,green_part_1500,green_part_2000,railroad_station_avto_min,market_shop_km,0,0,-0.05419072269781061,Drop,N/a
prom_part_1000,float64,0,10.25,50.5,11.67,0,70.15,0,8.958831512744124,12.442587440451812,3.63,prom_part_1500,prom_part_2000,prom_part_500,prom_part_3000,indust_part,0,0,-0.05919209247594663,Drop,N/a
green_part_1000,float64,41.15,14.7,3.43,9.96,11.59,64.2,0,12.372169811320754,10.13412105922699,9.15,green_part_1500,green_part_500,green_part_2000,green_part_3000,green_zone_part,0,0,-0.059230443038243784,Drop,N/a
green_zone_km,float64,0.240982265,0.135573105,0.511691073,0.518621814,0.148407571,1.246337028,0,0.2873470931828864,0.2069773265658977,0.2382261745,indust_part,office_km,ID_railroad_station_avto,additional_education_km,prom_part_500,0,0,-0.06075006092858814,Drop,N/a
incineration_km,float64,5.345642,7.689781,10.49837,14.88568,11.53381,28.830790000000004,0.6763600000000001,9.388056836146971,4.095379606852123,9.485387,radiation_km,power_transmission_line_km,metro_min_walk,metro_km_walk,basketball_km,0,0,-0.06190628084715136,Average,N/a
ID_big_road1,int64,2,4,32,6,4,43,1,9.733531943065211,8.756173941496854,5,railroad_station_avto_km,railroad_station_walk_km,railroad_station_walk_min,cafe_sum_5000_max_price_avg,cafe_avg_price_5000,0,0,-0.06723440248537232,Drop,N/a
prom_part_1500,float64,0,18.06,38.67,5.19,3.26,56.39,0,10.738430983118173,11.20986989531882,7.475,prom_part_2000,prom_part_1000,prom_part_3000,indust_part,prom_part_500,0,0,-0.06772562737390973,Drop,N/a
preschool_quota,float64,3617,2058,3397,903,1820,7610,0,2600.342105263158,1395.7800696950283,2372,school_quota,build_count_panel,0_6_male,0_6_all,children_preschool,6688,0.2194873814446523,-0.07511809130500427,Average,N/a
green_part_1500,float64,39.57,7.62,9.95,19.06,6.88,68.42,0.32,14.932340284673948,10.702494316281161,11.87,green_part_2000,green_part_1000,green_part_3000,green_zone_part,green_part_5000,0,0,-0.07963561886360332,Drop,N/a
ID_big_road2,int64,40,28,35,4,10,57,1,18.234193975504798,15.3797465021554,15,power_transmission_line_km,ttk_km,sadovoe_km,bulvar_ring_km,mosque_km,0,0,-0.0815591668852481,Drop,N/a
indust_part,float64,0,0.050272014,0.111627393,0.019508796,0.040242764,0.458174486,0,0.12015161613561734,0.1193057142520845,0.093442564,prom_part_2000,prom_part_1500,prom_part_3000,prom_part_1000,prom_part_5000,0,0,-0.08261410128651268,Average,N/a
railroad_km,float64,0.931077184,1.427299852,0.258020843,1.043566228,0.815000709,7.309018796,0.002349289,1.325608925693479,1.232162070036011,0.9498148240000001,railroad_station_walk_km,railroad_station_walk_min,railroad_station_avto_km,railroad_station_avto_min,shopping_centers_km,0,0,-0.09422689342866497,Average,N/a
green_zone_part,float64,0.579644597,0.109947031,0.232080423,0.169625419,0.086219843,0.683844404,0.001879375,0.16846681076431644,0.15511399264257228,0.112559644,green_part_2000,green_part_3000,green_part_5000,green_part_1500,green_part_1000,0,0,-0.09448640540244846,Drop,N/a
big_road1_km,float64,0.833038866,0.449497602,0.517744593,1.796834393,3.882061817,5.303327662,0.00171886,1.5330104481640185,1.0782743752071506,1.354254056,big_road2_km,power_transmission_line_km,ts_km,stadium_km,zd_vokzaly_avto_km,0,0,-0.10373664250762232,Average,N/a
green_part_2000,float64,35.28,5.83,9.55,25.28,5.68,66.34,0.35,16.603659384309832,10.899391217749983,14.48,green_part_1500,green_part_3000,green_part_5000,green_part_1000,green_zone_part,0,0,-0.10605275362276499,Drop,N/a
church_synagogue_km,float64,0.963190809,0.897687482,1.453829445,0.210789588,0.438948503,2.7433845389999996,0.003270191,0.785736298459616,0.47593565688825007,0.721523849,public_transport_station_min_walk,public_transport_station_km,kindergarten_km,hospice_morgue_km,metro_km_walk,0,0,-0.11819683486494845,High,N/a
public_transport_station_min_walk,float64,2.578739838,1.116551692,1.33211196,2.432600125,1.171621236,7.174391172000001,0.093597405,1.8746801662125128,1.067910565790486,1.7088270445,public_transport_station_min_walk,kindergarten_km,school_km,preschool_km,public_healthcare_km,0,0,-0.11996065015823414,Average,N/a
public_transport_station_km,float64,0.214894987,0.093045974,0.11100933,0.202716677,0.097635103,0.597865931,0.007799784000000001,0.15622334722376696,0.0889925471766797,0.142402254,public_transport_station_km,kindergarten_km,school_km,preschool_km,public_healthcare_km,0,0,-0.11996065016368425,Average,N/a
oil_chemistry_km,float64,17.39940846,12.92547809,16.24874035,15.39121457,5.559857736,44.9668898,0.510709937,13.007130692743297,6.658626145928617,13.14052675,radiation_km,ttk_km,sadovoe_km,bus_terminal_avto_km,bulvar_ring_km,0,0,-0.12072364337536509,High,N/a
railroad_station_avto_km,float64,3.852724348,3.464774434,3.275534391,3.893042495,1.777508858,12.94703568,0.07265147400000001,3.3288752647689503,2.0803204884493565,2.7862987954999996,railroad_station_walk_km,railroad_station_walk_min,railroad_station_avto_min,railroad_km,detention_facility_km,0,0,-0.12992812603559695,High,N/a
railroad_station_walk_km,float64,3.852724348,3.130615044,2.777813811,4.788364344,1.716647906,14.37638889,0.07265147400000001,3.1107753997467724,2.131828857640466,2.478357171,railroad_station_walk_min,railroad_station_avto_km,railroad_km,railroad_station_avto_min,detention_facility_km,25,0.000820452233270979,-0.132262790735648,Average,N/a
railroad_station_walk_min,float64,46.23269217,37.56738052,33.33376573,57.46037212,20.59977488,172.5166667,0.871817683,37.32930479681,25.581946290975914,29.74028605,railroad_station_walk_km,railroad_station_avto_km,railroad_km,railroad_station_avto_min,detention_facility_km,25,0.000820452233270979,-0.13226279073817418,Average,N/a
kindergarten_km,float64,0.495570678,0.128005348,0.301740382,0.611144478,0.123438479,2.795812969,0.00046974800000000003,0.3469271200084409,0.2976631216903158,0.2676762095,school_km,preschool_km,public_transport_station_min_walk,public_transport_station_km,hospice_morgue_km,0,0,-0.13597482834795346,Average,N/a
railroad_station_avto_min,float64,5.606271106,3.735188826,4.176095859,5.353882245,2.414261752,13.30844065,0.224627572,4.623503209501821,2.3850980632944805,4.176095859,railroad_station_avto_km,railroad_station_walk_km,railroad_station_walk_min,railroad_km,detention_facility_km,0,0,-0.13715505280958648,Average,N/a
green_part_3000,float64,37.38,7.58,8.45,22.76,16.96,60.3,1.33,18.362760675273087,10.54576675179997,16.34,green_part_2000,green_part_5000,green_part_1500,green_zone_part,detention_facility_km,0,0,-0.1376728159259242,Drop,N/a
preschool_km,float64,0.183502867,0.508434828,0.740137648,0.859276759,0.430971796,1.808167871,0,0.4634348253786826,0.2644168909915634,0.4108604905,school_km,public_healthcare_km,big_church_km,shopping_centers_km,swim_pool_km,0,0,-0.14437972317543749,Average,N/a
school_km,float64,0.183502867,0.508434828,0.740137648,0.859276759,0.430971796,1.808167871,0,0.4314926513215822,0.24427372376530257,0.383422026,preschool_km,public_healthcare_km,big_church_km,shopping_centers_km,swim_pool_km,0,0,-0.14620761897972373,Average,N/a
additional_education_km,float64,1.435576416,1.561071234,1.97000376,0.798943397,0.655639972,5.369671502999999,0,0.8886921855643827,0.6854095724087856,0.748680007,school_km,preschool_km,area_m,kindergarten_km,public_transport_station_km,0,0,-0.14785254626229785,Average,N/a
hospice_morgue_km,float64,1.358472979,1.376509941,1.561535585,2.487806506,0.786797485,7.098634632,0.002516713,1.3879242382317114,0.8588862442995162,1.2908455855,workplaces_km,school_km,preschool_km,kindergarten_km,university_km,0,0,-0.15045301983252216,Average,N/a
ice_rink_km,float64,7.190304587,1.913328337,4.10911272,4.899320142,2.357607765,11.35228832,0,4.318020066053128,2.4430029323396827,3.9778431089999997,swim_pool_km,shopping_centers_km,university_km,big_church_km,workplaces_km,0,0,-0.15207519483868678,Average,N/a
power_transmission_line_km,float64,0.596338623,1.721329943,0.727548423,3.323360625,1.737605324,18.36959139,0.034355791000000004,1.8793371987884806,1.6986233931728862,1.543253666,radiation_km,metro_km_walk,metro_min_walk,metro_km_avto,ts_km,0,0,-0.15553397858411355,Average,N/a
green_part_5000,float64,28.73,10.58,14.22,19.75,37.73,47.04,3.52,19.264299900695132,8.587831093376227,17.88,green_part_3000,green_part_2000,green_zone_part,detention_facility_km,green_part_1500,0,0,-0.1581885688944957,Average,N/a
bus_terminal_avto_km,float64,1.527929071,2.867870582,4.273009892,11.64482323,1.662963077,31.19832784,0.062026030999999995,7.5569256700973195,5.148939437132804,6.373102714,radiation_km,oil_chemistry_km,metro_km_avto,metro_min_walk,metro_km_walk,0,0,-0.16017591466716827,Average,N/a
big_road2_km,float64,1.463848794,0.511861092,0.670072903,1.800853563,4.881662117,8.006118949,0.00193473,2.653381853311155,1.3641938887545626,2.5334092175,thermal_power_plant_km,basketball_km,ts_km,park_km,zd_vokzaly_avto_km,0,0,-0.16077800806651465,Average,N/a
ts_km,float64,4.937518367,3.908739343,2.219887307,4.591204896,5.583916669,19.87151222,0,3.3429085627330353,2.1918124586996433,3.2172596415,exhibition_km,metro_km_walk,metro_min_walk,metro_km_avto,power_transmission_line_km,0,0,-0.1618258427526955,Average,N/a
mosque_km,float64,3.443680846,4.113722895,5.605894644,1.66761577,6.717057451,30.02462291,0.036308627,5.482309606486263,3.3312854755446812,4.8877896075,radiation_km,park_km,power_transmission_line_km,thermal_power_plant_km,metro_km_avto,0,0,-0.16622598433787683,High,N/a
area_m,float64,8889466.752,4662813.069,18036436.51,18800000.1,5586342.585,52351766.54,2081627.761,9624666.756602615,6910462.094774417,7963518.819,kindergarten_km,school_km,preschool_km,shopping_centers_km,additional_education_km,0,0,-0.16698113260419045,Average,N/a
public_healthcare_km,float64,0.33950839,1.577524316,1.598021012,1.425249722,0.704177139,7.280019437999999,0.002656951,1.6509374443674283,1.044809602786897,1.4253983565,school_km,preschool_km,big_church_km,swim_pool_km,shopping_centers_km,0,0,-0.17372604608563974,Average,N/a
market_shop_km,float64,1.974416114,1.549000959,1.670225362,4.752743924,3.44683007,10.47793673,0.039567416,2.4124167834652432,1.712089575848896,2.014228522,workplaces_km,university_km,area_m,public_healthcare_km,kindergarten_km,0,0,-0.17446006168473377,High,N/a
shopping_centers_km,float64,0.583624736,0.375232366,1.056132565,1.239312676,1.163794747,2.543044847,0,0.6786516503282025,0.41986622546901076,0.616156024,swim_pool_km,school_km,preschool_km,big_church_km,public_healthcare_km,0,0,-0.17829277374178817,Average,N/a
metro_km_avto,float64,0.827412852,1.501540324,0.532479476,2.496825444,1.045513346,24.73942175,0.040467364,1.6815170605979808,2.03920845892285,1.270677445,metro_km_walk,metro_min_walk,metro_min_avto,park_km,radiation_km,0,0,-0.17941171303709014,Average,N/a
metro_km_walk,float64,0.827412852,0.844642189,0.532479476,2.23333249,1.043787944,24.53469117,0.014719178000000001,1.5596613329756701,1.9609280782907672,1.1609699955,metro_km_walk,metro_km_avto,metro_min_avto,radiation_km,park_km,25,0.000820452233270979,-0.1827864218532484,Average,N/a
metro_min_walk,float64,9.92895422,10.13570627,6.389753716,26.79998989,12.52545532,294.416294,0.176630133,18.71593599579874,23.531136939888945,13.931639945,metro_min_walk,metro_km_avto,metro_min_avto,radiation_km,park_km,25,0.000820452233270979,-0.18278642186120322,Drop,N/a
park_km,float64,2.590344089,0.741615412,2.653564336,1.734435111,0.821720943,17.21450144,0.015874974,1.510990690799404,1.4060378294845173,1.2678698339999999,metro_km_avto,radiation_km,metro_min_walk,metro_km_walk,metro_min_avto,0,0,-0.18658413782605018,Average,N/a
fitness_km,float64,0.147876365,0.717008477,1.054407091,0.803325342,0.652234095,5.098578408,0,0.5160734919329691,0.3370854171878823,0.4542627495,public_healthcare_km,workplaces_km,swim_pool_km,big_church_km,school_km,0,0,-0.1911197689430425,Average,N/a
metro_min_avto,float64,1.817706476,2.003856324,1.607743186,3.29472728,1.499267366,30.44878392,0.050584205,2.580474238675273,2.4743887812696372,2.048604591,metro_km_avto,metro_min_walk,metro_km_walk,park_km,radiation_km,0,0,-0.1921795217044017,High,N/a
radiation_km,float64,2.845754948,3.1379171,2.045009333,1.669398484,1.253866636,22.38656895,0.00545698,1.8214761172593512,1.905280516370762,1.4123760680000002,basketball_km,thermal_power_plant_km,power_transmission_line_km,park_km,metro_km_walk,0,0,-0.1928627587810076,High,N/a
big_church_km,float64,0.997177863,0.986995054,1.799489855,0.210423515,0.43528624,4.997671599999999,0.004071872,1.1428399026555778,0.7397593337667799,1.0023044715,school_km,preschool_km,public_healthcare_km,swim_pool_km,shopping_centers_km,0,0,-0.19353955171590162,High,N/a
museum_km,float64,8.809825132,3.149224014,4.276118626,2.081425673,3.545843202,16.43785826,0.007902693,4.281234778270771,2.8795163774138564,3.5520431689999996,theater_km,university_km,workplaces_km,public_healthcare_km,school_km,0,0,-0.19674215219046798,Average,N/a
exhibition_km,float64,7.181592169,3.292298842,1.606754285,4.516821297,1.602522388,22.06545334,0.02260251,2.89230405402913,2.1881516385325033,2.5152884540000002,stadium_km,ttk_km,ts_km,basketball_km,radiation_km,0,0,-0.20787673052365105,Average,N/a
workplaces_km,float64,2.926501084,1.092273885,0.330125717,2.586199606,0.492325041,12.7759655,0,1.5894436841656738,1.2886337012668991,1.2152613540000001,basketball_km,university_km,school_km,preschool_km,big_church_km,0,0,-0.20930241593672078,High,N/a
thermal_power_plant_km,float64,3.779496943,4.060103321,0.751121854,2.951373081,3.490974123,23.54100865,0.40056297399999996,4.353045883256703,2.268262811432954,4.12422286,radiation_km,basketball_km,ttk_km,park_km,power_transmission_line_km,0,0,-0.21041744385575772,Average,N/a
catering_km,float64,0.432897317,0.063600237,0.334167559,0.213653776,0.257596359,0.49958581,0.0005030459999999999,0.2435384028245614,0.12698332746232205,0.235013535,swim_pool_km,workplaces_km,zd_vokzaly_avto_km,fitness_km,basketball_km,0,0,-0.21079328454853666,Average,N/a
swim_pool_km,float64,0.832837924,1.566939805,3.032885723,1.169439391,1.777142852,11.10293658,0,2.0581988838207548,1.1380813190935601,1.8827861444999998,big_church_km,shopping_centers_km,school_km,preschool_km,public_healthcare_km,0,0,-0.21179790433888884,Average,N/a
theater_km,float64,15.59132308,1.620325059,6.080024489,4.743764914,3.071808788,26.46780164,0.0733629,6.133475507368421,4.705734336099319,4.770528672999999,museum_km,university_km,workplaces_km,bulvar_ring_km,sadovoe_km,0,0,-0.21602540368556292,Average,N/a
university_km,float64,12.85278085,2.595419519,2.399594451,1.682622532,1.65433339,15.27138566,0.000930785,3.102815489971863,2.6639421727331074,2.2977666985000003,theater_km,museum_km,workplaces_km,basketball_km,zd_vokzaly_avto_km,0,0,-0.21855163449338644,Average,N/a
detention_facility_km,float64,18.74028557,2.836020394,2.726173384,8.152410948,3.894174951,34.78780566,0.041227084,8.431474987822908,5.517886621654232,7.167474740499999,zd_vokzaly_avto_km,basketball_km,ttk_km,bulvar_ring_km,sadovoe_km,0,0,-0.2230610937361749,Average,N/a
office_km,float64,2.477760198,0.375232366,0.431343308,0.360791929,0.585300339,4.563643263,0,0.793701384687024,0.656073452172205,0.6076946505,shopping_centers_km,workplaces_km,swim_pool_km,university_km,basketball_km,0,0,-0.2234289636167142,High,N/a
basketball_km,float64,5.051351897,0.528782963,2.127667952,2.051037555,1.206726145,18.189137300000002,0.022658512999999998,1.916076507884806,1.699570813591389,1.490302609,radiation_km,thermal_power_plant_km,ttk_km,stadium_km,zd_vokzaly_avto_km,0,0,-0.2234615803391633,Average,N/a
stadium_km,float64,12.76742555,1.48039324,5.043481739,5.743139412,2.011099445,29.14203585,0.11474559699999999,4.803137665393744,3.3066902986458353,4.1669403439999995,ttk_km,sadovoe_km,exhibition_km,bulvar_ring_km,basketball_km,0,0,-0.23692409745674278,Average,N/a
nuclear_reactor_km,float64,11.11273115,5.723309043,2.925963119,4.591788651,13.39550945,23.66451684,0.309810795,7.108884033210196,4.537249175356667,6.3152454095,basketball_km,thermal_power_plant_km,zd_vokzaly_avto_km,ttk_km,radiation_km,0,0,-0.25794567442733374,Average,N/a
ttk_km,float64,15.4820465,0.449497618,2.32947968,1.80085356,3.88206182,33.11180722,0.001934755,6.038636778335484,4.229021657024921,5.669722986,sadovoe_km,bulvar_ring_km,kremlin_km,zd_vokzaly_avto_km,stadium_km,0,0,-0.27261981707411115,Average,N/a
bulvar_ring_km,float64,20.07708077,3.872968074,6.229349789,5.658066934,6.692665217,36.53375658,0.015040639,9.32726837450629,4.8690582408899585,9.390506141,kremlin_km,sadovoe_km,ttk_km,zd_vokzaly_avto_km,stadium_km,0,0,-0.2791582666820578,Average,N/a
kremlin_km,float64,20.72883861,5.200064051,7.384153367,6.539244876,8.493674235,37.78425309,0.072896553,10.437629003773088,4.9376363361839415,10.577156555,bulvar_ring_km,sadovoe_km,ttk_km,zd_vokzaly_avto_km,stadium_km,0,0,-0.27924933857229106,Average,N/a
sadovoe_km,float64,18.6825661,3.145334896,5.387931442,4.510782969,5.975868866,35.75801152,0.000355499,8.445794884093347,4.746622199000262,8.517573037,bulvar_ring_km,kremlin_km,ttk_km,zd_vokzaly_avto_km,stadium_km,0,0,-0.28362151866382573,Average,N/a
zd_vokzaly_avto_km,float64,20.96112127,1.741006511,6.577348696,4.898716963,5.548135764,38.45779763,0.136715439,9.985644912469049,5.279348834380853,10.105525635,bulvar_ring_km,sadovoe_km,kremlin_km,ttk_km,basketball_km,0,0,-0.28406855884521937,High,N/a
trc_sqm_500,int64,0,11695,0,0,0,892600,0,26443.3227408143,81416.51241087553,0,trc_sqm_1000,trc_count_500,cafe_count_1000_price_4000,trc_count_1000,cafe_count_1000_price_500,0,0,0.0003738458716374007,Drop,N/a
build_year,float64,1970,1957,1987,1962,1960,20052009,0,5271.442734193975,257943.97855758911,1972,state,mosque_count_5000,mosque_count_3000,build_count_block,sport_count_1500,13605,0.44649010534606676,0.002160935167853987,High,Need to modify using year sold - year build
cafe_sum_3000_max_price_avg,float64,1368.42,1306.21,1346.15,1756.88,1171.72,1852.94,818.18,1232.404596160212,161.9275695808979,1199.36,cafe_avg_price_3000,cafe_sum_3000_min_price_avg,cafe_sum_5000_min_price_avg,cafe_avg_price_5000,cafe_sum_5000_max_price_avg,991,0.032522726526861605,0.0022004281511501297,Drop,N/a
cafe_avg_price_3000,float64,1105.26,1046.3,1073.08,1418.35,932.32,1486.03,650,983.3165276398545,133.8761210511754,955.38,cafe_sum_3000_max_price_avg,cafe_sum_3000_min_price_avg,cafe_sum_5000_min_price_avg,cafe_avg_price_5000,cafe_sum_5000_max_price_avg,991,0.032522726526861605,0.003338798166443239,Drop,N/a
cafe_sum_3000_min_price_avg,float64,842.11,786.39,800,1079.82,692.93,1124.62,481.82,734.2282224428997,106.03615049471554,711.875,cafe_avg_price_3000,cafe_sum_3000_max_price_avg,cafe_sum_5000_min_price_avg,cafe_avg_price_5000,cafe_sum_5000_max_price_avg,991,0.032522726526861605,0.005119098244734494,Drop,N/a
build_count_foam,float64,0,0,11,0,0,11,0,0.30105925190334326,1.7181549651170105,0,build_count_frame,build_count_block,build_count_1946-1970,build_count_monolith,ID_big_road1,4991,0.16379508385021824,0.010736660311600902,Average,N/a
church_count_500,int64,0,0,0,1,1,17,0,0.819430652101953,2.449422123114549,0,church_count_1000,big_church_count_500,church_count_1500,big_church_count_1500,church_count_2000,0,0,0.014657535511391947,Drop,N/a
mosque_count_500,int64,0,0,0,0,0,1,0,0.004965243296921549,0.07029514562855181,0,mosque_count_1000,mosque_count_1500,mosque_count_2000,mosque_count_3000,hospital_beds_raion,0,0,0.018473715675225075,Drop,N/a
build_count_1921-1945,float64,0,25,41,0,22,187,0,24.863621317444554,39.16331457376284,4,build_count_wood,build_count_slag,raion_build_count_with_material_info,raion_build_count_with_builddate_info,build_count_mix,4991,0.16379508385021824,0.020349842570375674,Drop,N/a
16_29_female,int64,10359,119309,14526,8196,5609,194701,302,20987.51489572989,38991.824335590834,10265,16_29_all,female_f,full_all,male_f,16_29_male,0,0,0.021576056810611394,Drop,N/a
16_29_all,int64,19093,234407,30980,15495,11155,367659,625,41247.30238331678,75883.47804862786,19547,16_29_female,16_29_male,full_all,female_f,male_f,0,0,0.022331856967036722,Drop,N/a
prom_part_3000,float64,1.99,14.22,26.58,3.88,15.78,45.1,0.07,13.138697451175108,8.422183309660843,11.63,prom_part_2000,prom_part_5000,prom_part_1500,indust_part,prom_part_1000,0,0,0.022675307440105548,Drop,N/a
16_29_male,int64,8734,115098,16454,7299,5546,172958,323,20259.78748758689,36925.85675282968,9452,16_29_all,male_f,full_all,female_f,16_29_female,0,0,0.023113014884984875,Drop,N/a
female_f,int64,43219,598114,79822,33216,31639,942145,1812,104913.48278715656,192781.29260743703,47488,full_all,male_f,16_29_all,16_29_female,16_29_male,0,0,0.0242855123316311,Drop,N/a
full_all,int64,78616,1100773,155427,61039,57405,1716730,3521,194700.986428335,357083.37314003136,89971,female_f,male_f,16_29_all,16_29_female,16_29_male,0,0,0.025277670909638738,High,need to modify it to population density with area
build_count_after_1995,float64,41,20,166,80,13,357,1,42.99189010261503,42.392269963512604,32,build_count_monolith,build_count_slag,raion_build_count_with_builddate_info,raion_build_count_with_material_info,school_quota,4991,0.16379508385021824,0.02586790365902835,Drop,N/a
big_church_count_500,int64,0,0,0,1,1,10,0,0.4460443561734525,1.3597246999829935,0,church_count_500,big_church_count_1500,church_count_1000,big_church_count_1000,big_church_count_2000,0,0,0.026165752334627392,Drop,N/a
male_f,int64,35397,502659,75605,27823,25766,774585,1709,89787.50364117842,164358.9079313856,42750,full_all,female_f,16_29_male,16_29_all,16_29_female,0,0,0.026444640961625538,Drop,N/a
kitch_sq,float64,6,8,10,5,5,96,0,7.391095663687521,3.8061981910052256,7,state,material,ekder_female,raion_popul,work_male,9572,0.31413475107479244,0.028717732936377447,Average,N/a
build_count_block,float64,4,31,208,78,73,223,3,66.1393578285336,44.94235978245346,55,build_count_1946-1970,raion_build_count_with_builddate_info,raion_build_count_with_material_info,ekder_female,ekder_all,4991,0.16379508385021824,0.031482230056389865,Average,N/a
cafe_sum_5000_min_price_avg,float64,782.76,898.6,905.76,976.96,699.17,1054.89,507.14,751.8324544852696,94.01297346389622,723.95,cafe_avg_price_5000,cafe_sum_5000_max_price_avg,cafe_avg_price_3000,cafe_sum_3000_max_price_avg,cafe_sum_3000_min_price_avg,297,0.00974697253125923,0.03218330027942749,Drop,N/a
cafe_avg_price_5000,float64,1020.69,1190.29,1200.82,1288.93,939.46,1390.21,682.14,1004.8968387951008,119.36013457201275,969.4649999999999,cafe_sum_5000_max_price_avg,cafe_sum_5000_min_price_avg,cafe_sum_3000_max_price_avg,cafe_avg_price_3000,cafe_sum_3000_min_price_avg,297,0.00974697253125923,0.03292038112214392,Drop,N/a
cafe_sum_5000_max_price_avg,float64,1258.62,1481.99,1495.88,1600.89,1179.75,1725.54,857.14,1257.9610609069844,144.7927968392659,1215.19,cafe_avg_price_5000,cafe_sum_5000_min_price_avg,cafe_sum_3000_max_price_avg,cafe_avg_price_3000,cafe_sum_3000_min_price_avg,297,0.00974697253125923,0.03334281241377722,Drop,N/a
cafe_count_1000_price_4000,int64,0,2,0,2,0,40,0,1.1966236345580934,4.560222769088748,0,cafe_count_1500_price_4000,cafe_count_1000_price_2500,cafe_count_2000_price_4000,cafe_count_1000,cafe_count_1000_price_500,0,0,0.03626816221978054,Drop,N/a
cafe_sum_500_min_price_avg,float64,500,528.57,1000,1500,500,4000,300,725.7729410791129,325.14280712761104,668.4649999999999,cafe_avg_price_500,cafe_sum_500_max_price_avg,cafe_sum_1000_max_price_avg,cafe_avg_price_1000,cafe_sum_1000_min_price_avg,13281,0.43585704440287487,0.03643002360466157,Drop,N/a
cafe_avg_price_500,float64,750,728.57,1333.33,2000,750,5000,400,974.7218139688845,408.0152720630716,916.67,cafe_sum_500_max_price_avg,cafe_sum_500_min_price_avg,cafe_sum_1000_max_price_avg,cafe_avg_price_1000,cafe_sum_1000_min_price_avg,13281,0.43585704440287487,0.03743845749369473,Drop,N/a
cafe_sum_500_max_price_avg,float64,1000,928.57,1666.67,2500,1000,6000,500,1223.6707282356836,493.37109330679533,1166.67,cafe_avg_price_500,cafe_sum_500_min_price_avg,cafe_sum_1000_max_price_avg,cafe_avg_price_1000,cafe_sum_1000_min_price_avg,13281,0.43585704440287487,0.03790660011379693,Drop,N/a
market_count_500,int64,0,0,0,0,0,4,0,0.20953326713008938,0.54869348421031,0,market_count_1000,market_count_1500,market_count_2000,cafe_count_500_price_500,cafe_count_500_na_price,0,0,0.040401823216428615,Drop,N/a
trc_sqm_1000,int64,26538,11695,0,0,0,942600,0,81240.70291294274,155367.1036767462,25106,trc_sqm_1500,trc_count_1000,trc_sqm_500,cafe_count_1000_price_500,cafe_count_1000_price_4000,0,0,0.04156968372064023,Drop,N/a
culture_objects_top_25_raion,int64,0,0,0,1,0,10,0,0.48593181065872226,1.8321063941308091,0,cafe_count_1000_price_500,cafe_count_1000_price_2500,cafe_count_1000_price_4000,cafe_count_1500_price_500,cafe_count_1500_price_4000,0,0,0.0442961529485187,Average,N/a
cafe_count_500_na_price,int64,0,1,0,1,0,13,0,0.5163853028798411,1.5790633705228385,0,cafe_count_1000_na_price,cafe_count_1000_price_500,cafe_count_1000,cafe_count_500,cafe_count_1000_price_4000,0,0,0.04915290025437456,Drop,N/a
industrial_km,float64,1.569973586,0.582759514,0,0.075793541,1.113193576,2.89217026,0,0.8173774027613374,0.6280793405417452,0.670258697,public_transport_station_min_walk,public_transport_station_km,kindergarten_km,cafe_count_1000_price_500,cafe_count_1000,0,0,0.052738367802373294,Average,N/a
ID_metro,int64,69,153,148,170,48,221,1,75.57414763323403,51.75467591790819,69,ID_bus_terminal,ID_railroad_station_walk,cafe_count_5000_price_high,cafe_count_5000_price_2500,office_count_5000,0,0,0.05282403329124881,Drop,N/a
church_count_1000,int64,1,1,0,3,2,38,0,2.71582257530619,5.9199128270429995,1,church_count_1500,church_count_2000,big_church_count_1500,big_church_count_2000,church_count_500,0,0,0.053885722898303026,Drop,N/a
cafe_count_500_price_high,int64,0,0,0,0,0,3,0,0.05097649784839457,0.252220477861183,0,cafe_count_1500_price_4000,cafe_count_2000_price_4000,cafe_count_2000_price_high,cafe_count_1000_price_4000,cafe_count_1500_price_high,0,0,0.054392290393077726,Drop,N/a
water_treatment_km,float64,5.381083,15.72162,16.57169,11.68948,14.73154,24.8009,0.27413899999999997,12.74976861552466,6.04652201957,12.76088,ID_railroad_terminal,bus_terminal_avto_km,big_market_km,oil_chemistry_km,green_part_3000,0,0,0.05482827455098599,Average,N/a
additional_education_raion,int64,1,3,4,5,3,16,0,3.160211850380669,3.1166398499746233,2,shopping_centers_raion,culture_objects_top_25_raion,cafe_count_1000_price_500,trc_count_1000,cafe_count_1500_price_500,0,0,0.057688739405667856,Average,N/a
build_count_1946-1970,float64,11,246,413,135,156,845,0,189.86957960940086,107.6231702215514,169,build_count_block,raion_build_count_with_builddate_info,raion_build_count_with_material_info,build_count_brick,build_count_1921-1945,4991,0.16379508385021824,0.0630061472564512,Drop,N/a
cafe_count_1500_price_4000,int64,0,5,1,3,0,58,0,2.386461436610394,7.883720962010202,0,cafe_count_2000_price_4000,cafe_count_1000_price_4000,cafe_count_1000_price_2500,cafe_count_1500_price_2500,cafe_count_2000_price_2500,0,0,0.06320660103292094,Drop,N/a
raion_build_count_with_builddate_info,float64,154,332,757,314,251,1233,81,361.0084409136048,178.29885344684385,316,raion_build_count_with_material_info,build_count_1921-1945,build_count_slag,build_count_wood,build_count_after_1995,4991,0.16379508385021824,0.06355450944394643,Drop,N/a
raion_build_count_with_material_info,float64,154,332,754,314,251,1233,81,361.25670307845087,178.36743269193684,316,raion_build_count_with_builddate_info,build_count_1921-1945,build_count_slag,build_count_wood,build_count_after_1995,4991,0.16379508385021824,0.06360072000142968,Drop,N/a
trc_count_500,int64,0,1,0,0,0,8,0,0.755379013571665,1.3250449472538006,0,trc_count_1000,trc_sqm_500,trc_count_1500,cafe_count_500_price_500,cafe_count_500,0,0,0.0638324963769761,Drop,N/a
material,float64,1,2,5,5,2,6,1,2.0491559086395235,1.4958088938215448,1,build_count_block,build_count_1946-1970,sport_count_5000,cafe_sum_5000_min_price_avg,cafe_avg_price_5000,9572,0.31413475107479244,0.06404720198339423,High,bin to classify proper group
market_count_1000,int64,0,0,0,0,0,5,0,0.5882158225753061,0.8566787736367091,0,market_count_1500,market_count_2000,market_count_500,market_count_3000,market_count_5000,0,0,0.06511843603603237,Drop,N/a
big_church_count_1500,int64,1,3,0,1,4,44,0,3.281694803045349,7.508518094385585,1,big_church_count_2000,church_count_1500,church_count_2000,church_count_1000,big_church_count_1000,0,0,0.06776693043583454,Drop,N/a
cafe_count_500_price_4000,int64,0,0,0,1,0,14,0,0.2333664349553128,0.8515887104028855,0,cafe_count_1000_price_4000,cafe_count_1500_price_4000,cafe_count_500_price_2500,cafe_count_2000_price_4000,cafe_count_1000_price_2500,0,0,0.07449539548280489,Drop,N/a
church_count_1500,int64,2,6,1,4,4,75,0,5.706223104932142,11.356406847934823,3,church_count_2000,church_count_1000,big_church_count_1500,big_church_count_2000,cafe_count_2000_price_1500,0,0,0.07508558083451211,Drop,N/a
trc_count_1000,int64,5,1,0,0,0,20,0,2.6193313472360145,3.446290480538857,2,trc_count_1500,trc_count_2000,cafe_count_1000_price_500,trc_sqm_1000,cafe_count_1000,0,0,0.07780639814125287,Drop,N/a
cafe_count_500_price_2500,int64,0,1,1,0,0,21,0,0.9203905991393578,2.541257246393987,0,cafe_count_1000_price_2500,cafe_count_1000,cafe_count_500,cafe_count_1500,cafe_count_1500_price_2500,0,0,0.07901482261878501,Drop,N/a
big_church_count_2000,int64,1,4,1,2,4,70,0,5.424859318106587,11.730929087550834,2,big_church_count_1500,church_count_2000,church_count_1500,big_church_count_3000,cafe_count_2000_price_1500,0,0,0.0795303233591521,Drop,N/a
cafe_count_1000_price_500,int64,1,6,0,4,1,112,0,6.889109566368752,15.926185589175729,3,cafe_count_1000,cafe_count_1500_price_500,cafe_count_1500,cafe_count_1500_price_1500,cafe_count_2000_price_500,0,0,0.08077684505657817,Drop,N/a
cafe_sum_1000_max_price_avg,float64,1375,1595.24,1833.33,1458.33,1000,3750,500,1213.0518139688845,291.038044871244,1187.5,cafe_avg_price_1000,cafe_sum_1000_min_price_avg,cafe_sum_1500_max_price_avg,cafe_avg_price_1500,cafe_sum_1500_min_price_avg,6524,0.21410521479439468,0.08177999040519547,Drop,N/a
market_count_1500,int64,0,1,1,0,0,6,0,1.1347236014564714,1.2272316401136405,1,market_count_2000,market_count_1000,market_count_3000,market_count_500,market_count_5000,0,0,0.08197159599127109,Drop,N/a
leisure_count_2000,int64,0,1,1,0,1,55,0,3.328864614366104,8.560074726687738,1,leisure_count_3000,cafe_count_2000_price_2500,cafe_count_2000,cafe_count_1500,cafe_count_2000_price_1500,0,0,0.08360135163843849,Drop,N/a
ID_railroad_terminal,int64,32,121,83,50,97,121,5,61.77739159218802,38.84619136578424,50,water_treatment_km,big_market_km,trc_sqm_5000,oil_chemistry_km,sport_count_5000,0,0,0.0841277871834813,Drop,N/a
cafe_avg_price_1000,float64,1100,1280.95,1458.33,1175,775,3062.5,400,966.0272922873221,239.79568921372658,943.75,cafe_sum_1000_max_price_avg,cafe_sum_1000_min_price_avg,cafe_avg_price_1500,cafe_sum_1500_max_price_avg,cafe_sum_1500_min_price_avg,6524,0.21410521479439468,0.0850096603503458,Drop,N/a
big_church_count_1000,int64,1,1,0,1,1,27,0,1.402019198940748,2.9852169944886024,0,big_church_count_1500,big_church_count_2000,church_count_1000,church_count_1500,church_count_2000,0,0,0.08625790388838701,Drop,N/a
prom_part_5000,float64,8.05,14.54,13.19,6.58,12.25,28.56,0.87,12.833737173121483,5.443873545681036,12.29,prom_part_3000,market_count_5000,prom_part_2000,market_count_3000,trc_count_5000,178,0.00584161990088937,0.0877924521295883,Drop,N/a
church_count_2000,int64,2,12,1,10,5,108,0,9.642336974511752,18.254242330285653,4,church_count_1500,big_church_count_2000,church_count_3000,big_church_count_1500,church_count_1000,0,0,0.08783417274282487,Drop,N/a
cafe_sum_1000_min_price_avg,float64,825,966.67,1083.33,891.67,550,2375,300,719.0025339291626,189.58983154626645,700,cafe_avg_price_1000,cafe_sum_1000_max_price_avg,cafe_sum_1500_min_price_avg,cafe_avg_price_1500,cafe_sum_1500_max_price_avg,6524,0.21410521479439468,0.08907272586661273,Drop,N/a
mosque_count_1000,int64,0,0,0,0,0,1,0,0.022343594836146972,0.1478106038920415,0,mosque_count_1500,mosque_count_500,mosque_count_2000,mosque_count_3000,build_count_after_1995,0,0,0.08930795115017816,Drop,N/a
cafe_count_1000_price_2500,int64,1,2,3,0,0,79,0,3.3088381330685204,8.80818519766476,1,cafe_count_1000,cafe_count_1500_price_2500,cafe_count_1500,cafe_count_2000_price_2500,cafe_count_1500_price_1500,0,0,0.09053159408401408,Drop,N/a
sport_count_500,int64,2,1,0,0,1,11,0,1.4520026481297583,1.8981944028613267,1,sport_count_1000,big_church_count_1500,big_church_count_2000,cafe_count_1000_price_500,cafe_count_2000_price_1000,0,0,0.09254364765949429,Average,N/a
cafe_count_2000_price_4000,int64,1,7,1,4,1,81,0,3.9826216484607744,11.678266970292029,1,cafe_count_1500_price_4000,cafe_count_2000_price_2500,cafe_count_1500_price_2500,cafe_count_3000_price_4000,cafe_count_2000,0,0,0.09270327846129107,Drop,N/a
trc_sqm_1500,int64,81104,99251,115626,30117,12700,1507670,0,167002.54932141674,224141.53020946222,86449,trc_sqm_1000,trc_sqm_2000,trc_count_1500,trc_count_2000,trc_count_1000,0,0,0.09311015976552173,Drop,N/a
max_floor,float64,9,5,16,9,5,48,0,11.58606421714664,6.216154797620692,10,floor,cafe_sum_500_max_price_avg,full_sq,cafe_avg_price_500,cafe_sum_500_min_price_avg,9572,0.31413475107479244,0.09438551861023835,Average,N/a
cafe_count_500_price_500,int64,0,4,0,0,0,33,0,1.7206223104932141,3.6281927405401553,1,cafe_count_500,cafe_count_1000_price_500,cafe_count_1000,cafe_count_1500_price_500,cafe_count_1500,0,0,0.09483515287914909,Drop,N/a
mosque_count_3000,int64,0,0,0,1,0,2,0,0.26166832174776566,0.49652031745360453,0,mosque_count_2000,mosque_count_5000,church_count_2000,church_count_3000,cafe_count_2000_price_1000,0,0,0.0961989480646386,Drop,N/a
cafe_sum_2000_min_price_avg,float64,987.5,835.96,773.33,1105.71,631.25,1269.44,350,729.140352532274,134.9969810719907,705.26,cafe_avg_price_2000,cafe_sum_2000_max_price_avg,cafe_avg_price_1500,cafe_sum_1500_min_price_avg,cafe_sum_1500_max_price_avg,1725,0.056611204095697545,0.09895108067213071,Drop,N/a
leisure_count_1000,int64,0,1,0,0,0,30,0,0.8027143330023171,2.2579417304907294,0,leisure_count_1500,leisure_count_2000,cafe_count_1000,cafe_count_1500,cafe_count_1500_price_2500,0,0,0.09957111544151764,Drop,N/a
build_count_before_1920,float64,0,2,38,1,5,371,0,25.747765640516384,70.45178255911405,0,office_raion,cafe_count_3000_price_4000,cafe_count_3000_price_2500,cafe_count_3000_price_1500,cafe_count_3000,4991,0.16379508385021824,0.0999733134587963,Drop,N/a
mosque_count_2000,int64,0,0,0,1,0,1,0,0.11949685534591195,0.3243990969730183,0,mosque_count_3000,mosque_count_1500,church_count_2000,cafe_count_2000_price_1000,cafe_count_3000_price_1000,0,0,0.10022823748604294,Drop,N/a
cafe_avg_price_2000,float64,1306.25,1108.77,1045,1452.86,854.69,1669.44,487.5,977.1707861635219,170.76831145108844,948.44,cafe_sum_2000_max_price_avg,cafe_sum_2000_min_price_avg,cafe_sum_1500_max_price_avg,cafe_avg_price_1500,cafe_sum_1500_min_price_avg,1725,0.056611204095697545,0.10182500474845611,Drop,N/a
school_education_centers_top_20_raion,int64,0,1,0,0,1,1,0,0.09549817941079113,0.29392614006234163,0,cafe_count_1000_price_500,cafe_count_1500_price_500,leisure_count_2000,cafe_count_1500_price_1500,cafe_count_2000_price_1000,0,0,0.10228284323576778,Average,N/a
cafe_sum_2000_max_price_avg,float64,1625,1381.58,1316.67,1800,1078.13,2069.44,625,1225.2012247600132,206.8947362108706,1192.045,cafe_avg_price_2000,cafe_sum_2000_min_price_avg,cafe_sum_1500_max_price_avg,cafe_avg_price_1500,cafe_sum_1500_min_price_avg,1725,0.056611204095697545,0.10298727838091802,Drop,N/a
cafe_sum_1500_min_price_avg,float64,720,898.63,821.05,1029.41,488.24,1375,300,723.9518354849388,149.48596200216718,701.79,cafe_avg_price_1500,cafe_sum_1500_max_price_avg,cafe_sum_1000_min_price_avg,cafe_avg_price_1000,cafe_sum_1000_max_price_avg,4199,0.1378031571001936,0.10464404736182137,Drop,N/a
cafe_count_1000,int64,4,22,7,15,6,445,1,26.143164515061237,55.50321653415435,10,cafe_count_1500,cafe_count_1000_price_500,cafe_count_1500_price_1500,cafe_count_1000_price_1500,cafe_count_1500_price_500,0,0,0.10584245130207644,Drop,N/a
cafe_avg_price_1500,float64,960,1185.62,1121.05,1352.94,685.29,1812.5,400,971.2272426348891,189.19980750313243,945.65,cafe_sum_1500_max_price_avg,cafe_sum_1500_min_price_avg,cafe_avg_price_1000,cafe_sum_1000_min_price_avg,cafe_sum_1000_max_price_avg,4199,0.1378031571001936,0.10591859051109155,Drop,N/a
cafe_sum_1500_max_price_avg,float64,1200,1472.6,1421.05,1676.47,882.35,2250,500,1218.5022476001325,229.47576659834394,1187.5,cafe_avg_price_1500,cafe_sum_1500_min_price_avg,cafe_sum_1000_max_price_avg,cafe_avg_price_1000,cafe_sum_1000_min_price_avg,4199,0.1378031571001936,0.10595240410822471,Drop,N/a
cafe_count_1500_price_500,int64,2,22,2,5,6,195,0,13.988083416087388,29.077902950425514,6,cafe_count_1500,cafe_count_2000_price_500,cafe_count_2000,cafe_count_1000_price_500,cafe_count_1000,0,0,0.10652057672086016,Drop,N/a
leisure_count_3000,int64,0,3,2,4,5,85,0,7.018205892088712,15.776392282250342,2,cafe_count_2000,cafe_count_2000_price_2500,cafe_count_3000_price_2500,cafe_count_3000,cafe_count_2000_price_1500,0,0,0.11038749645845206,Drop,N/a
cafe_count_1500_price_1500,int64,1,17,3,4,2,183,0,13.451506123800065,28.27469568429416,5,cafe_count_1500,cafe_count_2000_price_1500,cafe_count_2000,cafe_count_1000,cafe_count_1000_price_1500,0,0,0.11067535077061946,Drop,N/a
mosque_count_1500,int64,0,0,0,0,0,1,0,0.04750082754054949,0.21272514777194845,0,mosque_count_1000,mosque_count_2000,mosque_count_3000,mosque_count_500,build_count_after_1995,0,0,0.11103391284269315,Drop,N/a
market_count_2000,int64,2,1,2,0,0,7,0,1.7401522674611056,1.4624381084256712,1,market_count_1500,market_count_3000,market_count_1000,market_count_5000,trc_count_5000,0,0,0.11114178660747948,Drop,N/a
cafe_count_1000_na_price,int64,0,1,1,3,0,28,0,1.6828864614366104,3.8187370859555743,1,cafe_count_1500_na_price,cafe_count_1000,cafe_count_2000_na_price,cafe_count_1500,cafe_count_1500_price_1500,0,0,0.1116528183985661,Drop,N/a
cafe_count_1500,int64,5,75,20,20,17,784,1,55.498344918901026,114.32155697091919,21,cafe_count_2000,cafe_count_1500_price_1500,cafe_count_1500_price_500,cafe_count_1000,cafe_count_2000_price_1500,0,0,0.11466010246357096,Drop,N/a
floor,float64,6,3,5,5,1,77,0,6.56454816285998,4.960885345991272,5,max_floor,price_doc,full_sq,school_quota,zd_vokzaly_avto_km,167,0.005480620918250139,0.11744720766824455,High,make a feature of roof house or 1 floor hosuse
leisure_count_1500,int64,0,1,0,0,0,44,0,1.6779212181396888,4.224796436680175,0,leisure_count_2000,leisure_count_1000,leisure_count_3000,cafe_count_1500_price_2500,cafe_count_1500,0,0,0.11780264954730117,Drop,N/a
cafe_count_2000_price_500,int64,3,36,4,9,23,278,0,23.611717974180735,46.291486116430114,10,cafe_count_2000,cafe_count_2000_price_1000,cafe_count_1500_price_500,cafe_count_1500,cafe_count_2000_price_1500,0,0,0.11817316320192421,Drop,N/a
cafe_count_1500_price_2500,int64,1,8,3,2,0,127,0,6.752896391923204,16.196331411333688,2,cafe_count_2000_price_2500,cafe_count_1500,cafe_count_2000,cafe_count_1000_price_2500,cafe_count_2000_price_1500,0,0,0.11846528861014645,Drop,N/a
cafe_count_500,int64,1,8,3,3,2,120,1,6.9328037073816615,13.392009654264125,3,cafe_count_500_price_500,cafe_count_1000,cafe_count_1000_price_1500,cafe_count_1500,cafe_count_1500_price_1500,0,0,0.11881273053302288,Drop,N/a
cafe_count_2000_price_2500,int64,2,12,3,8,5,170,0,11.84111221449851,27.831621412098972,3,cafe_count_2000,cafe_count_1500_price_2500,cafe_count_1500,cafe_count_2000_price_1500,cafe_count_2000_price_500,0,0,0.11882168301656088,Drop,N/a
cafe_count_1000_price_1500,int64,1,3,1,3,1,104,0,6.062396557431314,12.393572596230602,2,cafe_count_1000,cafe_count_1500_price_1500,cafe_count_1500,cafe_count_2000_price_1500,cafe_count_2000,0,0,0.11904056681658202,Drop,N/a
cafe_count_2000_na_price,int64,0,6,4,4,3,69,0,6.055776233035418,12.174503708209746,2,cafe_count_2000,cafe_count_1500_na_price,cafe_count_2000_price_1500,cafe_count_1500,cafe_count_2000_price_500,0,0,0.11916036034218402,Drop,N/a
cafe_count_2000_price_1500,int64,1,25,8,7,12,261,0,23.031446540880502,46.33279647642491,9,cafe_count_2000,cafe_count_1500_price_1500,cafe_count_1500,cafe_count_2000_price_1000,cafe_count_2000_price_2500,0,0,0.1201844013656936,Drop,N/a
cafe_count_2000,int64,8,120,34,39,67,1115,1,95.55246607083747,190.95377310849187,36,cafe_count_2000_price_1500,cafe_count_2000_price_1000,cafe_count_2000_price_500,cafe_count_1500,cafe_count_2000_price_2500,0,0,0.12075347396273747,Drop,N/a
id,int64,8157,8290,8390,8394,8413,30473,8059,19849.990069513406,6081.011372591828,19874.5,price_doc,incineration_km,church_synagogue_km,hospice_morgue_km,cafe_sum_500_max_price_avg,0,0,0.12120315539259012,Drop,N/a
state,float64,3,2,2,3,2,33,1,2.4030122476001323,0.7905736213254186,2,ekder_female,ekder_all,raion_popul,work_all,work_male,13559,0.44498047323684814,0.12130329240033325,High,bin to classify proper group
build_count_monolith,float64,1,12,49,38,7,127,0,11.781363786825555,14.480899072036708,8,build_count_after_1995,raion_build_count_with_builddate_info,raion_build_count_with_material_info,build_count_slag,build_count_1921-1945,4991,0.16379508385021824,0.1240438344728981,Average,N/a
cafe_count_2000_price_high,int64,0,2,0,1,0,16,0,0.7045680238331679,2.174389080475147,0,cafe_count_3000_price_4000,cafe_count_3000_price_high,cafe_count_1500_price_high,cafe_count_2000_price_4000,cafe_count_3000_price_2500,0,0,0.12410962511420394,Drop,N/a
cafe_count_1500_na_price,int64,0,2,1,3,0,54,0,3.493545183714002,7.145961480415609,1,cafe_count_2000_na_price,cafe_count_1500,cafe_count_2000,cafe_count_1500_price_1500,cafe_count_1000_na_price,0,0,0.12467074758943224,Drop,N/a
cafe_count_3000_price_4000,int64,1,11,3,11,2,113,0,8.365441906653427,20.860796636995815,1,cafe_count_3000_price_2500,cafe_count_2000_price_2500,cafe_count_3000,cafe_count_2000_price_4000,leisure_count_3000,0,0,0.12722266829085474,Drop,N/a
cafe_count_2000_price_1000,int64,1,32,14,6,23,261,0,26.325223435948363,45.933755976200906,12,cafe_count_2000,cafe_count_2000_price_500,cafe_count_2000_price_1500,cafe_count_1500_price_1000,cafe_count_1500,0,0,0.12963841302447934,Drop,N/a
cafe_count_1500_price_high,int64,0,2,0,0,0,12,0,0.365441906653426,1.216445297065618,0,cafe_count_2000_price_high,cafe_count_3000_price_high,cafe_count_3000_price_4000,cafe_count_2000_price_4000,cafe_count_3000_price_2500,0,0,0.13129758646532125,Drop,N/a
big_church_count_3000,int64,1,14,4,5,13,102,0,10.741641840450182,19.05437771744671,4,church_count_3000,big_church_count_2000,office_count_3000,office_count_2000,cafe_count_3000_price_1500,0,0,0.13187314733332503,Drop,N/a
0_6_male,int64,2574,2225,5583,4356,1731,5583,721,3038.0572658060246,1187.1220015703889,2817,0_6_all,children_preschool,0_13_male,young_male,0_6_female,0,0,0.132796200729537,Drop,N/a
office_sqm_500,int64,0,28000,11080,5686,0,611015,0,26622.410460112547,59030.05362383346,0,office_count_500,office_sqm_1000,office_count_1000,office_sqm_1500,office_sqm_2000,0,0,0.1332198253525015,Drop,N/a
cafe_count_1500_price_1000,int64,1,19,10,3,9,177,0,15.060410460112546,25.997061420092514,7,cafe_count_1500,cafe_count_2000_price_1000,cafe_count_2000,cafe_count_1500_price_500,cafe_count_2000_price_500,0,0,0.1337631696870992,Drop,N/a
children_preschool,int64,5102,4348,10955,8371,3381,10955,1379,5923.904501820589,2280.8918375400413,5506,0_6_all,0_6_male,0_6_female,0_13_male,0_13_all,0,0,0.13395706085273026,Average,N/a
0_6_all,int64,5102,4348,10955,8371,3381,10955,1379,5923.904501820589,2280.8918375400413,5506,0_6_all,0_6_male,0_6_female,0_13_male,0_13_all,0,0,0.13395706085273026,Drop,N/a
0_6_female,int64,2528,2123,5372,4015,1650,5372,658,2885.8472360145647,1097.9351273112404,2645,0_6_all,children_preschool,0_6_male,0_13_all,young_all,0,0,0.1349398590815326,Drop,N/a
young_male,int64,5371,4737,12687,8715,3709,12687,1549,6671.0425355842435,2627.9392984761803,6137,0_13_male,0_17_male,young_all,0_17_all,0_13_all,0,0,0.1353274358031747,Drop,N/a
church_count_3000,int64,3,31,6,18,19,164,1,19.83796756041046,31.42236044619923,10,big_church_count_3000,church_count_2000,cafe_count_3000_price_1500,office_count_2000,office_count_3000,0,0,0.13558906423649406,Drop,N/a
0_13_male,int64,4727,4177,11083,7873,3204,11083,1379,5865.530784508441,2301.318557607319,5377,young_male,0_17_male,0_13_all,young_all,0_17_all,0,0,0.1357779350658051,Drop,N/a
young_all,int64,10562,9151,24814,16928,7385,24814,2981,12989.673783515393,5054.575587669671,11996,0_13_all,0_17_all,young_male,young_female,0_13_male,0,0,0.13675236222075654,Average,N/a
0_13_all,int64,9304,8098,21679,15224,6372,21679,2645,11420.191823899371,4424.52430887441,10557,young_all,0_17_all,0_13_male,young_male,young_female,0,0,0.13713355577929517,High,N/a
7_14_male,int64,2468,2201,6258,3937,1711,6258,685,3219.3204237007612,1288.213370682763,3000,children_school,7_14_all,young_male,0_17_all,young_all,0,0,0.13743888583230274,Drop,N/a
0_17_male,int64,5983,5479,14076,9989,4243,14076,1699,7522.757530619,2928.9543308554294,6931.5,young_male,0_13_male,0_17_all,young_all,0_13_all,0,0,0.13770509431809808,Drop,N/a
young_female,int64,5191,4414,12127,8213,3676,12127,1425,6318.631247931148,2436.508229684924,5811,0_13_female,0_17_female,young_all,0_13_all,0_17_all,0,0,0.13798636585327398,Drop,N/a
0_13_female,int64,4577,3921,10596,7351,3168,10596,1237,5554.6610393909305,2132.084123757268,5120,young_female,0_17_female,0_13_all,young_all,0_17_all,0,0,0.1382767627522346,Drop,N/a
children_school,int64,4798,4231,12238,7687,3478,12238,1318,6258.178583250579,2480.8032523912025,5776,7_14_all,7_14_male,7_14_female,0_17_female,young_female,0,0,0.13885986625331975,Average,N/a
7_14_all,int64,4798,4231,12238,7687,3478,12238,1318,6258.178583250579,2480.8032523912025,5776,7_14_all,7_14_male,7_14_female,0_17_female,young_female,0,0,0.13885986625331975,Drop,N/a
0_17_all,int64,11749,10478,27533,19215,8444,27533,3307,14646.606256206554,5640.610142650751,13507,young_all,0_13_all,0_17_male,0_17_female,young_male,0,0,0.13889665183533353,Drop,N/a
work_female,int64,26981,21418,47986,37942,25979,68822,6524,31855.408970539556,11540.496356283158,29692,work_all,raion_popul,work_male,0_17_all,0_17_female,0,0,0.13952656395233373,Drop,N/a
7_14_female,int64,2330,2030,5980,3750,1767,5980,633,3038.858159549818,1199.7799337086922,2866,7_14_all,children_school,young_female,0_17_female,0_13_female,0,0,0.1398819641279056,Drop,N/a
0_17_female,int64,5766,4999,13457,9226,4201,13457,1608,7123.848725587553,2722.7132717131244,6521,young_female,0_13_female,0_17_all,young_all,0_13_all,0,0,0.13989324773275177,Drop,N/a
work_all,int64,65270,44166,100601,79011,51951,140182,13143,65335.25355842436,23740.4190482027,63495,work_male,work_female,raion_popul,0_17_all,0_17_male,0,0,0.1429012372883942,High,N/a
work_male,int64,38289,22748,52615,41069,25972,71360,6291,33479.84458788481,12413.936314837752,32914,work_all,raion_popul,work_female,0_17_male,0_17_all,0,0,0.14547646507874248,Drop,N/a
office_raion,int64,0,14,8,11,11,141,0,15.440913604766633,30.054371647335927,5,office_count_3000,office_count_2000,cafe_count_3000_price_1500,cafe_count_3000,cafe_count_3000_price_2500,0,0,0.1457183596024317,Drop,N/a
hospital_beds_raion,float64,30,1020,1970,176,2729,4849,30,1384.5423700761337,1158.790520140218,1084,market_count_5000,trc_count_5000,sport_count_5000,market_count_3000,sport_count_3000,14441,0.4739260280266483,0.14713672644147885,Average,N/a
office_count_2000,int64,0,68,14,9,17,250,0,25.684707050645482,47.994282419864994,8,office_count_3000,office_count_1500,cafe_count_3000,cafe_count_3000_price_500,cafe_count_3000_price_1500,0,0,0.14844148920741726,Drop,N/a
cafe_count_3000_price_500,int64,5,106,18,24,32,449,1,49.89093015557762,86.53297725981042,21,cafe_count_3000,cafe_count_3000_price_1000,cafe_count_3000_price_1500,cafe_count_3000_price_2500,cafe_count_3000_na_price,0,0,0.1488458098580267,Drop,N/a
trc_count_1500,int64,8,6,3,1,2,27,0,5.103442568685866,4.570120754104505,4,trc_count_2000,trc_count_1000,trc_count_3000,shopping_centers_raion,trc_sqm_1500,0,0,0.14896833061850334,Drop,N/a
cafe_count_3000_price_2500,int64,2,37,12,22,11,266,0,24.4558093346574,50.74907631747629,6,cafe_count_3000,cafe_count_3000_price_1500,cafe_count_3000_price_500,cafe_count_3000_price_4000,cafe_count_3000_price_1000,0,0,0.14971829963797018,Drop,N/a
cafe_count_500_price_1500,int64,0,0,1,0,0,29,0,1.5850711684872558,2.8796063382633723,1,cafe_count_500,cafe_count_1000_price_1500,cafe_count_1000,cafe_count_1500_price_1500,cafe_count_1000_price_1000,0,0,0.14987465134348177,Drop,N/a
shopping_centers_raion,int64,8,3,3,5,1,23,0,5.487255875537901,4.897416774329361,5,trc_count_1500,trc_count_2000,trc_count_1000,trc_count_3000,sport_objects_raion,0,0,0.1508249483576461,Average,N/a
raion_popul,int64,90114,73007,166803,125111,83502,219609,21040,103627.15905329361,37365.72498867788,96959,work_all,work_male,work_female,0_17_all,0_17_female,0,0,0.1515873631973377,Average,N/a
market_count_3000,int64,2,5,4,1,1,9,0,3.2964250248262164,2.0168181625604418,3,market_count_5000,market_count_2000,trc_count_5000,market_count_1500,trc_count_3000,0,0,0.15163473946936953,Drop,N/a
cafe_count_3000_price_1500,int64,7,76,18,27,21,446,1,48.036411784177425,85.30223392327147,18,cafe_count_3000,cafe_count_3000_price_1000,cafe_count_3000_price_500,cafe_count_3000_price_2500,cafe_count_2000_price_1500,0,0,0.15282342852645459,Drop,N/a
cafe_count_3000,int64,21,362,87,118,106,1815,2,199.23369745117512,350.35492114369896,79,cafe_count_3000_price_1500,cafe_count_3000_price_500,cafe_count_3000_price_1000,cafe_count_3000_price_2500,cafe_count_3000_na_price,0,0,0.15418984038194342,High,N/a
office_sqm_1000,int64,0,88816,16765,38069,40500,2244723,0,111414.33664349552,180752.05789322162,36096,office_sqm_1500,office_sqm_2000,office_count_1000,office_count_1500,office_sqm_3000,0,0,0.15506799465001325,Drop,N/a
office_count_3000,int64,1,145,32,31,44,493,0,56.767130089374376,100.35828000473263,17,office_count_2000,cafe_count_3000,cafe_count_3000_price_500,cafe_count_3000_price_1000,cafe_count_3000_price_1500,0,0,0.15539320844377127,Drop,N/a
cafe_count_3000_na_price,int64,2,24,9,9,7,119,0,12.793114862628268,22.097200638167216,5,cafe_count_3000,cafe_count_3000_price_500,cafe_count_3000_price_1500,cafe_count_3000_price_2500,cafe_count_3000_price_1000,0,0,0.15629889977392947,Drop,N/a
cafe_count_1000_price_1000,int64,1,7,2,3,4,99,0,6.8757034094670635,11.000998083118743,4,cafe_count_1500_price_1000,cafe_count_1000,cafe_count_1000_price_1500,cafe_count_1500,cafe_count_2000_price_1000,0,0,0.15641057034806144,Drop,N/a
preschool_education_centers_raion,int64,6,3,4,8,2,10,1,4.671135385633896,1.8322980131917928,5,school_education_centers_raion,work_female,school_quota,work_all,children_preschool,0,0,0.15941787766165982,Average,N/a
leisure_count_500,int64,0,0,0,0,0,9,0,0.14184045018205893,0.5914810354478693,0,leisure_count_1000,office_count_500,leisure_count_1500,office_count_1000,cafe_count_1000_price_high,0,0,0.1604698134716309,Drop,N/a
office_count_1500,int64,0,28,5,6,5,173,0,14.10509764978484,26.535606856047902,4,office_count_2000,office_count_3000,office_count_1000,cafe_count_3000,cafe_count_3000_price_500,0,0,0.1640113047835632,Drop,N/a
cafe_count_3000_price_high,int64,0,6,0,3,0,22,0,1.3773584905660377,3.7006784687678587,0,cafe_count_2000_price_high,cafe_count_3000_price_4000,cafe_count_3000_price_2500,cafe_count_3000,cafe_count_1500_price_high,0,0,0.1645678264979377,Drop,N/a
life_sq,float64,27,50,29,21,27,637,0,33.19894074809665,20.19000489113004,29,num_room,price_doc,full_sq,build_count_before_1920,cafe_sum_500_max_price_avg,6383,0.20947786419874634,0.16560596919259707,Average,N/a
university_top_20_raion,int64,0,1,0,1,0,3,0,0.2967560410460113,0.6052406480730381,0,office_raion,church_count_3000,cafe_count_3000_price_1000,cafe_count_3000_price_1500,cafe_count_3000,0,0,0.1658271037018072,High,N/a
cafe_count_3000_price_1000,int64,4,102,27,22,33,441,0,54.31463091691493,83.14090257877567,26,cafe_count_3000,cafe_count_3000_price_500,cafe_count_3000_price_1500,cafe_count_3000_price_2500,office_count_3000,0,0,0.166543718486056,Drop,N/a
ekder_female,int64,10049,13534,29444,20183,16449,37811,1789,17611.881496193313,6606.015703617138,16958,ekder_all,ekder_male,raion_popul,work_all,work_male,0,0,0.1683383423403437,Drop,N/a
build_count_brick,float64,25,256,125,99,121,664,0,158.07116848725587,150.14942477268445,125,office_raion,sport_objects_raion,build_count_before_1920,office_count_5000,cafe_count_5000_na_price,4991,0.16379508385021824,0.16859468627318044,Average,N/a
cafe_count_1000_price_high,int64,0,1,0,0,0,7,0,0.12760675273088382,0.5124852691298243,0,cafe_count_1500_price_high,cafe_count_3000_price_high,cafe_count_2000_price_high,cafe_count_3000_price_4000,cafe_count_3000_price_2500,0,0,0.16917529599078784,Drop,N/a
ekder_all,int64,14282,19690,41388,29172,24166,57086,2497,25302.231711353856,9595.113835553642,24252,ekder_female,ekder_male,raion_popul,work_male,work_all,0,0,0.1732644477208041,Average,N/a
mosque_count_5000,int64,1,1,0,1,0,2,0,0.6320754716981132,0.6802124089590847,1,mosque_count_3000,cafe_count_5000_price_1500,church_count_5000,cafe_count_5000_price_1000,cafe_count_5000,0,0,0.17510702668903189,High,N/a
office_count_1000,int64,0,4,2,4,2,90,0,5.985766302548825,11.51523735144263,2,office_count_1500,office_count_2000,office_count_3000,cafe_count_3000,cafe_count_3000_price_500,0,0,0.17620656637573184,Drop,N/a
cafe_count_500_price_1000,int64,1,2,1,1,2,37,0,1.9059913935782853,2.8866061621164096,1,cafe_count_500,cafe_count_1000_price_1000,cafe_count_500_price_1500,cafe_count_500_price_500,cafe_count_1500_price_1000,0,0,0.1789935525563643,Drop,N/a
ekder_male,int64,4233,6156,11944,8989,7717,19275,708,7690.350215160543,3039.158361388212,7609,ekder_all,ekder_female,raion_popul,work_male,work_all,0,0,0.1824653753119426,Drop,N/a
trc_count_2000,int64,8,11,6,1,12,36,0,8.474180734856008,6.433061951946068,7,trc_count_1500,trc_count_3000,trc_count_1000,shopping_centers_raion,trc_count_5000,0,0,0.18478666620732284,Drop,N/a
office_count_500,int64,0,2,1,2,0,34,0,1.4687189672293943,3.091834697263184,0,office_count_1000,office_count_1500,office_count_2000,office_count_3000,cafe_count_3000,0,0,0.18510864658117074,Drop,N/a
healthcare_centers_raion,int64,2,0,2,5,3,6,0,2.212512413108242,1.4670205599171073,2,sport_objects_raion,ekder_female,ekder_all,raion_popul,sport_count_5000,0,0,0.19000612089201369,Average,N/a
school_education_centers_raion,int64,6,6,5,8,3,13,1,5.631082423038729,2.280041685560075,5,preschool_education_centers_raion,work_female,0_6_male,0_6_all,children_preschool,0,0,0.1936360863711074,Average,N/a
market_count_5000,int64,3,12,7,5,7,20,0,9.038894405825886,4.178001441613359,10,market_count_3000,trc_count_5000,sport_count_5000,sport_count_3000,trc_sqm_5000,0,0,0.19402068877457523,Average,N/a
office_sqm_1500,int64,0,761967,24050,48069,70777,2548470,0,259958.74776564052,387159.3063916898,102141,office_sqm_2000,office_sqm_1000,office_sqm_3000,cafe_count_5000,cafe_count_5000_price_2500,0,0,0.19581088025655877,Drop,N/a
sport_count_1000,int64,6,14,0,4,2,25,0,4.762164846077458,3.5485898326424365,4,sport_count_1500,sport_count_2000,sport_count_3000,sport_objects_raion,sport_count_500,0,0,0.19799434079488834,Drop,N/a
big_church_count_5000,int64,3,48,19,17,20,151,1,27.559913935782852,37.620903285783555,11,church_count_5000,office_count_5000,cafe_count_5000_price_1500,cafe_count_5000,leisure_count_5000,0,0,0.19882733149283768,Drop,N/a
leisure_count_5000,int64,0,54,10,18,10,106,0,16.797418073485602,26.734757037527835,6,cafe_count_5000_price_2500,cafe_count_5000,cafe_count_5000_price_1500,office_count_5000,cafe_count_5000_price_500,0,0,0.20044802180702365,Average,N/a
cafe_count_5000_price_4000,int64,1,85,32,43,4,146,0,21.463588215822575,37.64004251807777,4,cafe_count_5000_price_2500,cafe_count_5000_price_high,cafe_count_5000,cafe_count_5000_na_price,cafe_count_5000_price_1500,0,0,0.21035388731396107,Drop,N/a
church_count_5000,int64,8,89,34,41,40,250,2,51.00182058920887,60.35176224508546,27,big_church_count_5000,office_count_5000,cafe_count_5000_price_1500,cafe_count_5000_price_1000,cafe_count_5000,0,0,0.21327539110679816,Average,N/a
cafe_count_5000_price_high,int64,0,21,8,8,0,29,0,3.597153260509765,7.2363036526872735,0,cafe_count_5000_price_4000,cafe_count_5000_price_2500,cafe_count_5000,cafe_count_5000_na_price,cafe_count_5000_price_500,0,0,0.21432716263734164,Drop,N/a
office_sqm_2000,int64,0,1849285,165480,56032,352238,3431780,0,480813.72724263486,659407.1602993704,204856,office_sqm_3000,office_sqm_1500,cafe_count_5000,cafe_count_5000_price_2500,cafe_count_5000_price_1500,0,0,0.21649513263921086,Drop,N/a
office_count_5000,int64,3,426,154,134,93,789,1,141.3172790466733,198.15478073708778,52,cafe_count_5000,cafe_count_5000_price_500,cafe_count_5000_price_1500,cafe_count_5000_price_1000,cafe_count_5000_price_2500,0,0,0.21924864733837685,Drop,N/a
trc_sqm_3000,int64,190783,1158028,1014043,365532,393231,2370746,1700,649983.2672955975,458404.5544630687,531346.5,trc_sqm_5000,trc_count_3000,trc_sqm_2000,trc_count_5000,trc_count_2000,0,0,0.22553335647639744,Drop,N/a
cafe_count_5000_price_2500,int64,2,214,74,99,24,376,0,62.326878517047334,95.23281695273079,21,cafe_count_5000,cafe_count_5000_price_1500,cafe_count_5000_price_500,cafe_count_5000_price_4000,cafe_count_5000_na_price,0,0,0.22556620113273282,Drop,N/a
office_sqm_3000,int64,15000,3353936,465504,863668,953258,6074120,0,1064927.2398212512,1335999.0275095233,489766.5,cafe_count_5000,office_count_5000,cafe_count_5000_price_1000,cafe_count_5000_price_1500,office_sqm_5000,0,0,0.22678048860327138,Drop,N/a
cafe_count_5000_price_500,int64,9,367,124,117,69,650,1,124.80122476001324,158.60206652457603,61,cafe_count_5000,cafe_count_5000_price_1000,cafe_count_5000_price_1500,office_count_5000,cafe_count_5000_price_2500,0,0,0.2269518869636784,Drop,N/a
cafe_count_5000_na_price,int64,2,86,40,44,13,174,0,33.16302548824893,41.7657018219856,16,cafe_count_5000,cafe_count_5000_price_1500,cafe_count_5000_price_500,cafe_count_5000_price_2500,cafe_count_5000_price_1000,0,0,0.23005473089903306,Drop,N/a
cafe_count_5000,int64,31,1446,526,604,255,2645,6,499.32571996027804,651.5725867361074,227,cafe_count_5000_price_1500,cafe_count_5000_price_500,cafe_count_5000_price_1000,cafe_count_5000_price_2500,office_count_5000,0,0,0.23154555045012412,Average,N/a
cafe_count_5000_price_1500,int64,12,316,112,155,60,641,1,119.23303541873551,157.46379224314768,53,cafe_count_5000,cafe_count_5000_price_1000,cafe_count_5000_price_500,cafe_count_5000_price_2500,office_count_5000,0,0,0.2326119400368732,Drop,N/a
cafe_count_5000_price_1000,int64,5,357,136,138,85,648,3,134.7408142999007,156.6181371145496,72,cafe_count_5000,cafe_count_5000_price_500,cafe_count_5000_price_1500,office_count_5000,cafe_count_5000_price_2500,0,0,0.24046443159157346,Drop,N/a
trc_count_3000,int64,15,24,12,11,20,66,1,17.49321416749421,10.69641123643789,16,trc_count_2000,trc_count_5000,sport_count_3000,sport_count_2000,trc_count_1500,0,0,0.24206833074454004,Average,N/a
sport_objects_raion,int64,6,4,18,12,9,29,0,10.126779212181397,6.6966439415599295,8,sport_count_2000,sport_count_1500,sport_count_3000,sport_count_1000,shopping_centers_raion,0,0,0.25279442874208363,Drop,N/a
sport_count_1500,int64,6,22,4,10,12,37,0,9.61651770936776,5.790534369596935,8,sport_count_2000,sport_count_1000,sport_count_3000,sport_count_5000,trc_count_3000,0,0,0.2583763491592503,Drop,N/a
trc_sqm_5000,int64,376066,2292399,2102350,1835858,1000495,4558181,47600,1815033.2581926514,949214.4466447334,1577764,trc_count_5000,sport_count_5000,trc_sqm_3000,sport_count_3000,trc_count_3000,0,0,0.2680719196264143,Drop,N/a
office_sqm_5000,int64,81947,6956461,5179946,4245601,1663134,12702114,18342,2643224.005627276,2815978.216352829,1446255.5,office_count_5000,cafe_count_5000_price_1000,office_sqm_3000,cafe_count_5000,cafe_count_5000_price_500,0,0,0.2699767758984195,Average,N/a
sport_count_2000,int64,9,29,7,15,27,54,0,15.969712015888778,8.961240614737667,14,sport_count_3000,sport_count_1500,sport_count_5000,trc_count_3000,trc_count_5000,0,0,0.27805566384663405,Drop,N/a
trc_count_5000,int64,25,59,40,39,39,120,2,45.830354187355184,22.033289260348763,42,sport_count_5000,trc_count_3000,trc_sqm_5000,sport_count_3000,sport_count_2000,0,0,0.2893709109303287,Drop,N/a
sport_count_3000,int64,14,58,36,32,47,100,0,32.848229063224096,18.151707733304914,29,sport_count_5000,sport_count_2000,trc_count_5000,sport_count_1500,trc_count_3000,0,0,0.29065059178864516,Drop,N/a
sport_count_5000,int64,19,146,121,93,101,215,0,84.97533929162529,43.92164195029305,75,sport_count_3000,trc_count_5000,office_sqm_5000,sport_count_2000,cafe_count_5000_price_1000,0,0,0.29486414680541795,Average,N/a
full_sq,int64,45,77,56,31,43,637,1,53.37454485269778,24.01194112319152,46,num_room,price_doc,life_sq,max_floor,floor,0,0,0.3418404597538006,High,N/a
num_room,float64,2,3,2,1,2,17,0,1.997020854021847,0.8895228206353784,2,full_sq,price_doc,life_sq,trc_count_5000,sport_count_3000,9572,0.31413475107479244,0.4763365380060346,High,N/a
big_road1_1line,object,no,no,no,no,no,yes,no,,,,,,,,,0,0,,Average,N/a
culture_objects_top_25,object,no,no,no,yes,no,yes,no,,,,,,,,,0,0,,Average,N/a
detention_facility_raion,object,no,no,yes,no,no,yes,no,,,,,,,,,0,0,,Average,N/a
ecology,object,good,poor,poor,satisfactory,poor,satisfactory,excellent,,,,,,,,,0,0,,Average,N/a
incineration_raion,object,no,no,no,no,no,no,no,,,,,,,,,0,0,,Average,N/a
nuclear_reactor_raion,object,no,no,no,no,no,yes,no,,,,,,,,,0,0,,Average,N/a
oil_chemistry_raion,object,no,no,no,no,no,yes,no,,,,,,,,,0,0,,Average,N/a
product_type,object,Investment,Investment,Investment,Investment,Investment,OwnerOccupier,Investment,,,,,,,,,0,0,,Average,N/a
radiation_raion,object,no,no,yes,yes,no,yes,no,,,,,,,,,0,0,,Average,N/a
railroad_1line,object,no,no,no,no,no,yes,no,,,,,,,,,0,0,,Average,N/a
railroad_terminal_raion,object,no,no,no,no,no,yes,no,,,,,,,,,0,0,,Average,N/a
thermal_power_plant_raion,object,no,no,yes,no,no,yes,no,,,,,,,,,0,0,,Average,N/a
water_1line,object,no,no,no,no,no,yes,no,,,,,,,,,0,0,,Average,N/a
sub_area,object,Severnoe Butovo,Ajeroport,Horoshevo-Mnevniki,Ramenki,Preobrazhenskoe,Zjuzino,Ajeroport,,,,,,,,,0,0,,High,bin and pop density
big_market_raion,object,no,no,no,no,no,yes,no,,,,,,,,,0,0,,High,N/a
timestamp,object,2013-05-27,2013-06-03,2013-06-07,2013-06-07,2013-06-10,2015-06-30,2013-05-21,,,,,,,,,0,0,,High,break it into Year and month